<application>
  <component name="ProjectJdkTable">
    <jdk version="2">
      <name value="Python 3.7.1 (~/miniconda3/bin/python3.7)" />
      <type value="Python SDK" />
      <version value="Python 3.7.2" />
      <homePath value="$USER_HOME$/miniconda3/bin/python3.7" />
      <roots>
        <classPath>
          <root type="composite">
            <root url="file://$USER_HOME$/miniconda3/lib/python3.7" type="simple" />
            <root url="file://$USER_HOME$/miniconda3/lib/python3.7/lib-dynload" type="simple" />
            <root url="file://$USER_HOME$/miniconda3/lib/python3.7/site-packages" type="simple" />
            <root url="file://$USER_HOME$/.PyCharm2019.1/system/python_stubs/1464767566" type="simple" />
            <root url="file://$APPLICATION_HOME_DIR$/helpers/python-skeletons" type="simple" />
            <root url="file://$APPLICATION_HOME_DIR$/helpers/typeshed/stdlib/3" type="simple" />
            <root url="file://$APPLICATION_HOME_DIR$/helpers/typeshed/stdlib/2and3" type="simple" />
            <root url="file://$APPLICATION_HOME_DIR$/helpers/typeshed/third_party/3" type="simple" />
            <root url="file://$APPLICATION_HOME_DIR$/helpers/typeshed/third_party/2and3" type="simple" />
          </root>
        </classPath>
        <sourcePath>
          <root type="composite" />
        </sourcePath>
      </roots>
      <additional />
    </jdk>
    <jdk version="2">
      <name value="Python 2.7 (py27)" />
      <type value="Python SDK" />
      <version value="Python 2.7.16" />
      <homePath value="$USER_HOME$/miniconda3/envs/py27/bin/python" />
      <roots>
        <classPath>
          <root type="composite">
            <root url="file://$USER_HOME$/miniconda3/envs/py27/lib/python2.7" type="simple" />
            <root url="file://$USER_HOME$/miniconda3/envs/py27/lib/python2.7/plat-linux2" type="simple" />
            <root url="file://$USER_HOME$/miniconda3/envs/py27/lib/python2.7/lib-tk" type="simple" />
            <root url="file://$USER_HOME$/miniconda3/envs/py27/lib/python2.7/lib-dynload" type="simple" />
            <root url="file://$USER_HOME$/miniconda3/envs/py27/lib/python2.7/site-packages" type="simple" />
            <root url="file://$USER_HOME$/.PyCharm2019.1/system/python_stubs/-1055362714" type="simple" />
            <root url="file://$APPLICATION_HOME_DIR$/helpers/python-skeletons" type="simple" />
            <root url="file://$APPLICATION_HOME_DIR$/helpers/typeshed/stdlib/2" type="simple" />
            <root url="file://$APPLICATION_HOME_DIR$/helpers/typeshed/stdlib/2and3" type="simple" />
            <root url="file://$APPLICATION_HOME_DIR$/helpers/typeshed/third_party/2" type="simple" />
            <root url="file://$APPLICATION_HOME_DIR$/helpers/typeshed/third_party/2and3" type="simple" />
          </root>
        </classPath>
        <sourcePath>
          <root type="composite" />
        </sourcePath>
      </roots>
      <additional ASSOCIATED_PROJECT_PATH="$USER_HOME$/disk1/projects/ltw_bsn_thumos" />
    </jdk>
  </component>
</application>