<application>
  <component name="ProjectJdkTable">
    <jdk version="2">
      <name value="Remote Python 2.7.12 (sftp://ubuntu@localhost:4444/usr/bin/python)" />
      <type value="Python SDK" />
      <version value="Python 2.7.12" />
      <homePath value="sftp://ubuntu@localhost:4444/usr/bin/python" />
      <roots>
        <classPath>
          <root type="composite">
            <root url="jar://$USER_HOME$/.PyCharm2019.1/system/remote_sources/1541321945/python_can-3.0.0-py2.7.egg!/" type="simple" />
            <root url="jar://$USER_HOME$/.PyCharm2019.1/system/remote_sources/1541321945/typing-3.6.6-py2.7.egg!/" type="simple" />
            <root url="jar://$USER_HOME$/.PyCharm2019.1/system/remote_sources/1541321945/wrapt-1.10.11-py2.7-linux-x86_64.egg!/" type="simple" />
            <root url="file://$USER_HOME$/.PyCharm2019.1/system/remote_sources/1541321945/201544331" type="simple" />
            <root url="file://$USER_HOME$/.PyCharm2019.1/system/remote_sources/1541321945/724150857" type="simple" />
            <root url="file://$USER_HOME$/.PyCharm2019.1/system/remote_sources/1541321945/-154863933" type="simple" />
            <root url="file://$USER_HOME$/.PyCharm2019.1/system/remote_sources/1541321945/-733941234" type="simple" />
            <root url="file://$USER_HOME$/.PyCharm2019.1/system/remote_sources/1541321945/-1227933812" type="simple" />
            <root url="file://$USER_HOME$/.PyCharm2019.1/system/remote_sources/1541321945/-125940560" type="simple" />
            <root url="file://$USER_HOME$/.PyCharm2019.1/system/remote_sources/1541321945/1727478806" type="simple" />
            <root url="file://$USER_HOME$/.PyCharm2019.1/system/remote_sources/1541321945/23257574" type="simple" />
            <root url="file://$USER_HOME$/.PyCharm2019.1/system/remote_sources/1541321945/-978343175" type="simple" />
            <root url="file://$USER_HOME$/.PyCharm2019.1/system/python_stubs/1541321945" type="simple" />
            <root url="file://$APPLICATION_HOME_DIR$/helpers/python-skeletons" type="simple" />
            <root url="file://$APPLICATION_HOME_DIR$/helpers/typeshed/stdlib/2" type="simple" />
            <root url="file://$APPLICATION_HOME_DIR$/helpers/typeshed/stdlib/2and3" type="simple" />
            <root url="file://$APPLICATION_HOME_DIR$/helpers/typeshed/third_party/2" type="simple" />
            <root url="file://$APPLICATION_HOME_DIR$/helpers/typeshed/third_party/2and3" type="simple" />
          </root>
        </classPath>
        <sourcePath>
          <root type="composite" />
        </sourcePath>
      </roots>
      <additional WEB_SERVER_CONFIG_ID="5c84f546-0ae7-418c-a3e9-af8548145e49" WEB_SERVER_CONFIG_NAME="ubuntu@localhost:4444" WEB_SERVER_CREDENTIALS_ID="sftp://ubuntu@localhost:4444" INTERPRETER_PATH="/usr/bin/python" HELPERS_PATH="/home/ubuntu/.pycharm_helpers" INITIALIZED="false" VALID="true" RUN_AS_ROOT_VIA_SUDO="false" SKELETONS_PATH="" VERSION="">
        <PATHS_ADDED_BY_USER_ROOT PATH_ADDED_BY_USER="file://$USER_HOME$/.PyCharm2018.3/system/remote_sources/1541321945/1376253408" />
        <PATHS_ADDED_BY_USER_ROOT PATH_ADDED_BY_USER="file://$USER_HOME$/.PyCharm2018.3/system/remote_sources/1541321945/-236068835" />
        <PathMappingSettings>
          <option name="pathMappings">
            <list>
              <mapping local-root="$USER_HOME$/.PyCharm2018.3/system/remote_sources/1541321945/python_can-3.0.0-py2.7.egg" remote-root="/usr/local/lib/python2.7/dist-packages/python_can-3.0.0-py2.7.egg" />
              <mapping local-root="$USER_HOME$/.PyCharm2018.3/system/remote_sources/1541321945/typing-3.6.6-py2.7.egg" remote-root="/usr/local/lib/python2.7/dist-packages/typing-3.6.6-py2.7.egg" />
              <mapping local-root="$USER_HOME$/.PyCharm2018.3/system/remote_sources/1541321945/wrapt-1.10.11-py2.7-linux-x86_64.egg" remote-root="/usr/local/lib/python2.7/dist-packages/wrapt-1.10.11-py2.7-linux-x86_64.egg" />
              <mapping local-root="$USER_HOME$/.PyCharm2018.3/system/remote_sources/1541321945/201544331" remote-root="/usr/lib/python2.7" />
              <mapping local-root="$USER_HOME$/.PyCharm2018.3/system/remote_sources/1541321945/724150857" remote-root="/usr/lib/python2.7/plat-x86_64-linux-gnu" />
              <mapping local-root="$USER_HOME$/.PyCharm2018.3/system/remote_sources/1541321945/-154863933" remote-root="/usr/lib/python2.7/lib-tk" />
              <mapping local-root="$USER_HOME$/.PyCharm2018.3/system/remote_sources/1541321945/-733941234" remote-root="/home/ubuntu/.local/lib/python2.7/site-packages" />
              <mapping local-root="$USER_HOME$/.PyCharm2018.3/system/remote_sources/1541321945/-1227933812" remote-root="/usr/local/lib/python2.7/dist-packages" />
              <mapping local-root="$USER_HOME$/.PyCharm2018.3/system/remote_sources/1541321945/-125940560" remote-root="/usr/lib/python2.7/dist-packages" />
              <mapping local-root="$USER_HOME$/.PyCharm2018.3/system/remote_sources/1541321945/1727478806" remote-root="/usr/lib/python2.7/dist-packages/PILcompat" />
              <mapping local-root="$USER_HOME$/.PyCharm2018.3/system/remote_sources/1541321945/23257574" remote-root="/usr/lib/python2.7/dist-packages/gtk-2.0" />
              <mapping local-root="$USER_HOME$/.PyCharm2018.3/system/remote_sources/1541321945/-978343175" remote-root="/usr/lib/python2.7/dist-packages/wx-3.0-gtk2" />
              <mapping local-root="$USER_HOME$/.PyCharm2018.3/system/remote_sources/1541321945/-236068835" remote-root="/home/ubuntu/catkin_ws_oroca/devel/lib/python2.7/dist-packages" />
              <mapping local-root="$USER_HOME$/.PyCharm2018.3/system/remote_sources/1541321945/1886529492" remote-root="/opt/ros/kinetic/lib/python2.7" />
              <mapping local-root="$USER_HOME$/.PyCharm2018.3/system/remote_sources/1541321945/1376253408" remote-root="/opt/ros/kinetic/lib/python2.7/dist-packages" />
              <mapping local-root="$USER_HOME$/.PyCharm2019.1/system/remote_sources/1541321945/python_can-3.0.0-py2.7.egg" remote-root="/usr/local/lib/python2.7/dist-packages/python_can-3.0.0-py2.7.egg" />
              <mapping local-root="$USER_HOME$/.PyCharm2019.1/system/remote_sources/1541321945/typing-3.6.6-py2.7.egg" remote-root="/usr/local/lib/python2.7/dist-packages/typing-3.6.6-py2.7.egg" />
              <mapping local-root="$USER_HOME$/.PyCharm2019.1/system/remote_sources/1541321945/wrapt-1.10.11-py2.7-linux-x86_64.egg" remote-root="/usr/local/lib/python2.7/dist-packages/wrapt-1.10.11-py2.7-linux-x86_64.egg" />
              <mapping local-root="$USER_HOME$/.PyCharm2019.1/system/remote_sources/1541321945/201544331" remote-root="/usr/lib/python2.7" />
              <mapping local-root="$USER_HOME$/.PyCharm2019.1/system/remote_sources/1541321945/724150857" remote-root="/usr/lib/python2.7/plat-x86_64-linux-gnu" />
              <mapping local-root="$USER_HOME$/.PyCharm2019.1/system/remote_sources/1541321945/-154863933" remote-root="/usr/lib/python2.7/lib-tk" />
              <mapping local-root="$USER_HOME$/.PyCharm2019.1/system/remote_sources/1541321945/-733941234" remote-root="/home/ubuntu/.local/lib/python2.7/site-packages" />
              <mapping local-root="$USER_HOME$/.PyCharm2019.1/system/remote_sources/1541321945/-1227933812" remote-root="/usr/local/lib/python2.7/dist-packages" />
              <mapping local-root="$USER_HOME$/.PyCharm2019.1/system/remote_sources/1541321945/-125940560" remote-root="/usr/lib/python2.7/dist-packages" />
              <mapping local-root="$USER_HOME$/.PyCharm2019.1/system/remote_sources/1541321945/1727478806" remote-root="/usr/lib/python2.7/dist-packages/PILcompat" />
              <mapping local-root="$USER_HOME$/.PyCharm2019.1/system/remote_sources/1541321945/23257574" remote-root="/usr/lib/python2.7/dist-packages/gtk-2.0" />
              <mapping local-root="$USER_HOME$/.PyCharm2019.1/system/remote_sources/1541321945/-978343175" remote-root="/usr/lib/python2.7/dist-packages/wx-3.0-gtk2" />
            </list>
          </option>
        </PathMappingSettings>
      </additional>
    </jdk>
    <jdk version="2">
      <name value="Python 3.6" />
      <type value="Python SDK" />
      <version value="Python 3.6.4" />
      <homePath value="C:\Users\mengd\AppData\Local\Continuum\anaconda3\python.exe" />
      <roots>
        <classPath>
          <root type="composite">
            <root url="file://$USER_HOME$/AppData/Local/Continuum/anaconda3/DLLs" type="simple" />
            <root url="file://$USER_HOME$/AppData/Local/Continuum/anaconda3/Lib" type="simple" />
            <root url="file://$USER_HOME$/AppData/Roaming/Python/Python36/site-packages" type="simple" />
            <root url="file://$USER_HOME$/AppData/Local/Continuum/anaconda3/Lib/site-packages" type="simple" />
            <root url="file://$USER_HOME$/AppData/Local/Continuum/anaconda3/Lib/site-packages/win32" type="simple" />
            <root url="file://$USER_HOME$/AppData/Local/Continuum/anaconda3/Lib/site-packages/win32/lib" type="simple" />
            <root url="file://$USER_HOME$/AppData/Local/Continuum/anaconda3/Lib/site-packages/pythonwin" type="simple" />
            <root url="file://$USER_HOME$/.PyCharm2019.1/system/python_stubs/1834997283" type="simple" />
            <root url="file://$APPLICATION_HOME_DIR$/helpers/python-skeletons" type="simple" />
            <root url="file://$APPLICATION_HOME_DIR$/helpers/typeshed/stdlib/3" type="simple" />
            <root url="file://$APPLICATION_HOME_DIR$/helpers/typeshed/stdlib/2and3" type="simple" />
            <root url="file://$APPLICATION_HOME_DIR$/helpers/typeshed/third_party/3" type="simple" />
            <root url="file://$APPLICATION_HOME_DIR$/helpers/typeshed/third_party/2and3" type="simple" />
          </root>
        </classPath>
        <sourcePath>
          <root type="composite" />
        </sourcePath>
      </roots>
      <additional />
    </jdk>
    <jdk version="2">
      <name value="Remote Python 3.6.8 (sftp://demo.mengdechao.ws2@hh-b.brainpp.cn:22/home/mengdechao/miniconda3/envs/megdl/bin/python)" />
      <type value="Python SDK" />
      <version value="Python 3.6.8" />
      <homePath value="sftp://demo.mengdechao.ws2@hh-b.brainpp.cn:22/home/mengdechao/miniconda3/envs/megdl/bin/python" />
      <roots>
        <classPath>
          <root type="composite">
            <root url="file://$USER_HOME$/.PyCharm2019.1/system/remote_sources/-1682783111/1833922895" type="simple" />
            <root url="file://$USER_HOME$/.PyCharm2019.1/system/remote_sources/-1682783111/-444614669" type="simple" />
            <root url="file://$USER_HOME$/.PyCharm2019.1/system/remote_sources/-1682783111/1302135685" type="simple" />
            <root url="jar://$USER_HOME$/.PyCharm2019.1/system/remote_sources/-1682783111/vehicle_reid_eval-1.0-py3.6.egg!/" type="simple" />
            <root url="file://$USER_HOME$/.PyCharm2019.1/system/python_stubs/-1682783111" type="simple" />
            <root url="file://$APPLICATION_HOME_DIR$/helpers/python-skeletons" type="simple" />
            <root url="file://$APPLICATION_HOME_DIR$/helpers/typeshed/stdlib/3" type="simple" />
            <root url="file://$APPLICATION_HOME_DIR$/helpers/typeshed/stdlib/2and3" type="simple" />
            <root url="file://$APPLICATION_HOME_DIR$/helpers/typeshed/third_party/3" type="simple" />
            <root url="file://$APPLICATION_HOME_DIR$/helpers/typeshed/third_party/2and3" type="simple" />
          </root>
        </classPath>
        <sourcePath>
          <root type="composite" />
        </sourcePath>
      </roots>
      <additional WEB_SERVER_CONFIG_ID="ccfb46ce-fb26-4220-9571-02b022531dc8" WEB_SERVER_CONFIG_NAME="hh-b" WEB_SERVER_CREDENTIALS_ID="sftp://demo.mengdechao.ws2@hh-b.brainpp.cn:22" INTERPRETER_PATH="/home/mengdechao/miniconda3/envs/megdl/bin/python" HELPERS_PATH="/home/mengdechao/.pycharm_helpers" INITIALIZED="false" VALID="true" RUN_AS_ROOT_VIA_SUDO="false" SKELETONS_PATH="" VERSION="">
        <PathMappingSettings>
          <option name="pathMappings">
            <list>
              <mapping local-root="$USER_HOME$/.PyCharm2019.1/system/remote_sources/-1682783111/1833922895" remote-root="/home/mengdechao/miniconda3/envs/megdl/lib/python3.6" />
              <mapping local-root="$USER_HOME$/.PyCharm2019.1/system/remote_sources/-1682783111/-444614669" remote-root="/home/mengdechao/miniconda3/envs/megdl/lib/python3.6/site-packages" />
              <mapping local-root="$USER_HOME$/.PyCharm2019.1/system/remote_sources/-1682783111/1302135685" remote-root="/home/mengdechao/projects/datamaid" />
              <mapping local-root="$USER_HOME$/.PyCharm2019.1/system/remote_sources/-1682783111/vehicle_reid_eval-1.0-py3.6.egg" remote-root="/home/mengdechao/miniconda3/envs/megdl/lib/python3.6/site-packages/vehicle_reid_eval-1.0-py3.6.egg" />
            </list>
          </option>
        </PathMappingSettings>
      </additional>
    </jdk>
    <jdk version="2">
      <name value="Python 2.7 (ict_test)" />
      <type value="Python SDK" />
      <version value="Python 2.7.15" />
      <homePath value="C:\Users\mengd\AppData\Local\Continuum\anaconda3\envs\ict_test\python.exe" />
      <roots>
        <classPath>
          <root type="composite">
            <root url="file://$USER_HOME$/AppData/Local/Continuum/anaconda3/envs/ict_test/DLLs" type="simple" />
            <root url="file://$USER_HOME$/AppData/Local/Continuum/anaconda3/envs/ict_test/Lib" type="simple" />
            <root url="file://$USER_HOME$/AppData/Local/Continuum/anaconda3/envs/ict_test/Lib/lib-tk" type="simple" />
            <root url="file://$USER_HOME$/AppData/Local/Continuum/anaconda3/envs/ict_test/Lib/site-packages" type="simple" />
            <root url="file://$USER_HOME$/.PyCharm2019.1/system/python_stubs/2043155570" type="simple" />
            <root url="file://$APPLICATION_HOME_DIR$/helpers/python-skeletons" type="simple" />
            <root url="file://$APPLICATION_HOME_DIR$/helpers/typeshed/stdlib/2" type="simple" />
            <root url="file://$APPLICATION_HOME_DIR$/helpers/typeshed/stdlib/2and3" type="simple" />
            <root url="file://$APPLICATION_HOME_DIR$/helpers/typeshed/third_party/2" type="simple" />
            <root url="file://$APPLICATION_HOME_DIR$/helpers/typeshed/third_party/2and3" type="simple" />
          </root>
        </classPath>
        <sourcePath>
          <root type="composite" />
        </sourcePath>
      </roots>
      <additional />
    </jdk>
  </component>
</application>