<application>
  <component name="JupyterPersistentConnectionParameters">
    <option name="moduleParameters">
      <map>
        <entry key="$USER_HOME$/PycharmProjects/reid-strong-baseline/.idea/reid-strong-baseline.iml">
          <value>
            <JupyterConnectionParameters>
              <option name="readOnly" value="true" />
              <option name="token" value="10fa0e00de5d1cc2980bee2a3ba3ee50c07a9f560626fe9c" />
              <option name="urlString" value="http://localhost:8888/" />
            </JupyterConnectionParameters>
          </value>
        </entry>
      </map>
    </option>
  </component>
</application>