<application>
  <component name="WebServers">
    <option name="servers">
      <webServer id="ce71064c-2a30-4922-b09b-d99fe42495e5" name="vipl_server" url="http://10.29.150.72">
        <fileTransfer host="10.29.150.72" port="22" rootFolder="/home/dechao_meng" accessType="SFTP">
          <advancedOptions>
            <advancedOptions dataProtectionLevel="Private" />
          </advancedOptions>
          <option name="port" value="22" />
        </fileTransfer>
      </webServer>
      <webServer id="5c84f546-0ae7-418c-a3e9-af8548145e49" name="ubuntu@localhost:4444" url="http:///">
        <fileTransfer host="localhost" port="4444" accessType="SFTP">
          <option name="port" value="4444" />
        </fileTransfer>
      </webServer>
      <webServer id="ccfb46ce-fb26-4220-9571-02b022531dc8" name="hh-b" url="http://hh-b.brainpp.cn">
        <fileTransfer host="hh-b.brainpp.cn" port="22" privateKey="C:\Users\mengd\.ssh\id_rsa" accessType="SFTP" keyPair="true">
          <advancedOptions>
            <advancedOptions dataProtectionLevel="Private" passiveMode="true" shareSSLContext="true" />
          </advancedOptions>
          <option name="port" value="22" />
        </fileTransfer>
      </webServer>
    </option>
  </component>
</application>