<application>
  <component name="WebServers">
    <option name="servers">
      <webServer id="ce71064c-2a30-4922-b09b-d99fe42495e5" name="vipl_server" url="http://10.29.150.72">
        <fileTransfer host="10.29.150.72" port="22" rootFolder="/home/dechao_meng" accessType="SFTP">
          <advancedOptions>
            <advancedOptions dataProtectionLevel="Private" />
          </advancedOptions>
          <option name="port" value="22" />
        </fileTransfer>
      </webServer>
    </option>
  </component>
</application>